hu1,hu2,hu3,hu4,hu5,hu6,hu7,etiqueta
0.16053283994490594,6.229187905313053e-05,0.00010817394570502309,6.665411239057782e-08,-1.7248914323418384e-13,-5.061757365333216e-10,-4.7759094105039103e-14,1
0.16104591595554418,0.000231482284917533,0.00010631035064471626,2.6037699350211986e-07,-8.501847112733649e-13,-2.6300317570333017e-09,1.0741677485951266e-12,1
0.1677786009785429,0.0003666500400660724,2.7580633698058713e-06,7.573115206649905e-08,1.3525471439874877e-14,5.424281206677313e-11,3.185878121943185e-14,2
0.16837842255103336,0.0005223359540284952,2.415135755168575e-05,6.268683022130851e-07,-5.319755478405819e-13,3.3253452649916854e-09,2.380412811100298e-12,2
0.1671300016586187,0.00014275543544575405,2.6076872338699467e-05,1.7490913543705517e-07,3.7178900737009954e-13,-1.1783191278095366e-09,-3.6208980005899435e-14,2
0.19297623447822626,0.0003697154249476359,0.004515268045944745,1.1616136569298603e-05,8.994385423940452e-10,7.583745331081071e-08,-2.5036628321428366e-09,3
0.1678736155270169,0.0003337258456487527,3.259389533166553e-05,7.344096446153116e-07,-8.066748059408834e-14,7.351202363513892e-09,-3.592247217665316e-12,2
0.19347817908935813,0.0004930909569911999,0.004561808181419637,1.6281267636333043e-05,3.767652214394866e-09,2.9933355083686726e-07,2.3436722793118935e-09,3
0.20437335515787386,0.004749150948575434,0.004956790527842788,0.0001238362285957587,-1.6787555415442408e-08,-2.7170203151504992e-06,-9.55589733507091e-08,3
0.16694551621237416,7.208889038499473e-05,1.6695712081142954e-05,2.8192450757466645e-07,5.994795891647321e-13,2.385749397274901e-09,-1.2139922689670727e-13,2
0.16330270108770217,0.0008389133530797879,0.00015504324895275175,1.1362337356896107e-06,-1.057350065776163e-11,-2.4614456566254298e-08,1.0753387880196459e-11,1
0.19258104873445764,0.00018122603666812374,0.004516617698345383,5.1789002582128776e-06,-5.41501270440983e-10,-5.0137845670470606e-08,-5.780567347787809e-10,3
0.16100516994771294,0.00014818353187161988,0.00013073062773471888,1.8540253350894793e-07,5.489956424708501e-13,8.125999527172786e-10,-7.292159994740525e-13,1
0.19320929147834567,0.0004269158742308592,0.004536845287979769,1.1836201459833753e-05,-2.718914155002558e-09,-2.4214490693736396e-07,-3.612547698612009e-10,3
0.19574889677651275,0.001252713551974132,0.004695897506166676,4.611679826313554e-05,2.1443855579889592e-08,1.6306448461815223e-06,-8.552718323845088e-10,3
0.16209084507034643,0.0007468406109248594,4.7498694434565974e-05,3.2206883740002527e-07,2.0334568092617905e-13,5.921254608065603e-10,1.243169733432402e-12,1
0.19245402694709707,0.000532551664052084,0.00436517896195924,1.74981940829145e-05,4.57349122747204e-09,3.793429927237968e-07,-1.5718037707167739e-09,3
0.19276630389520644,0.00039171577972230425,0.004472540183502559,1.3107298120391448e-05,2.8441446575133898e-09,2.279010557790298e-07,1.4079533021256345e-09,3
0.1666067149130408,4.930952662497899e-05,2.4191201542995844e-05,3.207211216423608e-07,5.328985876790009e-13,-6.889562938440287e-10,-7.169989646856734e-13,2
0.1675165535084548,6.728767895770773e-05,0.00011709931931145836,1.266366176151919e-06,-1.4131055090667348e-11,5.4316990069409696e-09,-6.174501376306545e-12,2
0.1597389685038308,6.165147537425421e-06,4.744739796152071e-05,4.9626658850175155e-09,-1.0155878961211267e-15,-4.508316381317814e-12,-2.1834926182677295e-15,1
0.1671908399913931,2.397691850235085e-05,0.0001568095993854084,1.3888784335299135e-06,-1.106219589440771e-11,5.9791022594007005e-09,-1.725514632450429e-11,2
0.1595500221371267,1.3705166548000392e-06,2.8400279699873125e-05,1.4463427238080636e-09,-1.9568953360300868e-16,1.6031330108124994e-12,2.1825195276817355e-16,1
0.1678065406093273,0.0003044883948930322,5.771567105495748e-05,3.44170696702956e-07,3.7494020586150757e-13,3.7240806957490465e-09,1.4874086861895414e-12,2
0.1672714183092905,0.00023455080425489574,8.578742792051932e-06,1.8076915031409124e-07,3.231900817734821e-14,-9.817411979056957e-10,2.2277974111730266e-13,2
0.16779694816757745,0.0001407892054101156,0.000128028532484532,2.287159556540564e-06,-2.566633201726452e-11,-8.752007994064533e-09,2.954688746336429e-11,2
0.16834011987128517,0.000571942257889394,4.955931533984089e-06,4.7416021765694606e-08,2.1331236282064147e-14,-3.1886884531499527e-10,-8.561700910955325e-15,2
0.1930197638600371,0.00031644422015853456,0.004542544576627401,8.805439563548122e-06,-1.5117927884499136e-09,-1.3482765570371292e-07,9.032405844276573e-10,3
0.16880885829343967,0.0006087600193312366,6.863664222299154e-05,2.146801748121485e-06,1.3508518757874582e-11,4.366004360876199e-08,-2.228490476749458e-11,2
0.160515107586864,8.861506436466379e-05,0.00010070282255269654,7.795418874937525e-08,-2.1804290123089234e-13,-7.237362563221061e-10,1.2722663150124088e-14,1
0.1675308640008588,0.0003148639358779021,3.585763291375664e-06,2.7176304171096217e-08,-6.132801437552066e-15,4.464930611232672e-10,5.8616517891056074e-15,2
0.16863493880223462,0.0006320980755545267,2.1421653137263234e-05,1.1531391050069464e-07,-8.500896690212442e-14,-2.61078366986394e-09,-1.6006453385231919e-13,2
0.20119452042765723,0.003459939923217125,0.004839863422594444,7.951533582145933e-05,-4.647917250616005e-08,-4.468689152257835e-06,-1.65206323745229e-08,3
0.1615955962311863,0.0006384395042322349,3.722813296071795e-05,2.0235355498402246e-07,-4.502744567559405e-13,-4.169377876719939e-09,-3.2514059493839697e-13,1
0.194372129313729,0.0010577245451123998,0.004512334610112461,3.517207616585577e-05,1.1635178237186841e-08,9.190838184362694e-07,7.807466664235923e-09,3
0.1687368104319177,0.0007008971833357054,3.3099117763535725e-06,8.059161668456865e-08,3.800034443279786e-14,1.933168038813051e-09,-1.6986017780686962e-14,2
0.19271157966283575,0.00011473371118219308,0.004564883929407579,3.420153112094415e-06,-4.1281819731121175e-10,-3.5629803420602954e-08,1.1049309922037283e-10,3
0.1611847885467662,0.0005488970188374308,1.977832671908875e-05,8.511224256666821e-08,-4.4530061047278765e-14,-1.007119833147553e-09,1.0105256048331541e-13,1
0.16087158615057734,0.00019309338298263001,0.00010642769377270379,2.1498065434122333e-07,-6.162692149658112e-13,-1.7403072307886526e-09,-8.231920138072791e-13,1
0.16023338330692885,5.351206163919392e-05,7.841426213713105e-05,3.3428611938240005e-08,-2.613759607073917e-14,-1.4836758860426397e-10,-4.739233334666099e-14,1
0.1608686365451094,1.5166643252277356e-05,0.00016075393633929456,8.41370492035257e-09,2.4142553504040482e-15,6.773192257657304e-12,9.482509683533875e-15,1
0.15989624885754117,0.00015053115939256346,1.3796502491985079e-05,2.873636363902293e-08,9.954619888031351e-15,1.423390038145434e-10,-1.510942780572586e-14,1
0.167753162458923,0.0003334289654973357,6.019675564678065e-06,2.9905661684842726e-08,-9.9053558594977e-15,5.454719763826362e-10,7.930112846590519e-15,2
0.19309078935306542,0.0003568656435754398,0.004543315166759299,1.1592408404372565e-05,1.5348819064280346e-09,1.1608557111473382e-07,-2.1729854537978184e-09,3
0.19481645114690682,0.0009033910916876968,0.004649722937289389,2.8802554253135178e-05,4.028712999774483e-09,2.696001946562898e-07,-9.74017521675631e-09,3
0.16140055937655973,0.0003439122061227985,0.00010896810518924003,4.4648431672197875e-07,-1.6990728055237697e-12,-5.019097883293611e-09,2.609971658968886e-12,1
0.1602582245492372,7.058597085207484e-05,8.051154091730039e-05,9.53362812019919e-08,2.6138469799814535e-13,7.954891224280816e-10,-3.7977131302139254e-14,1
0.15951234490820113,6.858435794714201e-05,6.64017709439139e-07,1.2496960559379422e-09,-1.5374414525598836e-17,-6.907555815687627e-12,3.255136165565988e-17,1
0.20017990772077615,0.0032360712923615318,0.0047391016836306425,7.837222605797594e-05,-3.140962937109947e-08,-3.209902943341002e-06,-3.598244151844925e-08,3
0.16050162127814604,0.0003308712001751165,2.2892648374350012e-05,1.0236540489608871e-07,1.129842292048964e-13,1.2003813913789754e-09,-1.0858385264296947e-13,1
0.16003038954710289,0.00010983542381116721,4.362138338366361e-05,6.298978453496451e-08,9.695701888851869e-14,6.348024161814437e-10,-3.874825788182135e-14,1
0.15963054573944718,0.00011664348218497454,1.8280686586867647e-06,1.7245832081920118e-09,-8.853302909811536e-17,-1.4905778184828434e-11,-3.9223634910802583e-17,1
0.16765906802167055,0.0003221083375177024,2.4669738188111704e-06,1.120198835694914e-08,6.481495119869894e-16,-1.9897740478938388e-10,1.745757447429245e-15,2
0.1607357043148182,0.00022861248396980247,7.671501642151585e-05,1.9151397544613407e-07,3.9256035609015194e-13,1.4033502576846363e-09,-6.202931768857775e-13,1
0.19394808595457913,0.0007547970228633531,0.004541999714827209,1.9513327113400096e-05,-4.504542489218858e-09,-4.270685147491943e-07,3.6683178556658383e-09,3
0.16878127413663221,0.0007382492315048303,1.9018566249254345e-06,6.213166408692608e-08,1.079521789217156e-16,-7.085561249995807e-11,-2.1357618153343134e-14,2
0.16007531651861678,0.00010051962695154948,5.186688695776502e-05,7.6585997186307e-08,2.5271298210597074e-14,9.858055681149972e-11,1.5053377018003054e-13,1
0.16933727436687696,0.0008642268154250867,2.123956375397457e-05,5.781058383836264e-07,1.9976759252574887e-12,8.6006035445649e-09,3.3602949106113526e-13,2
0.16282238226756757,0.0007193308213832687,0.00013679410377218616,9.116316731231091e-07,4.4776255356419795e-12,7.94704138663815e-09,-9.142780640883892e-12,1
0.1932779072893665,0.0007223814443214835,0.004435645915030656,1.881245644081947e-05,-4.7587236399191335e-09,-4.53398340277569e-07,2.62423046651446e-09,3
0.1670842303563682,0.00011409959860504085,1.776991943557239e-05,1.370042844502448e-07,-2.0172425557781847e-13,8.768055432473489e-10,-7.074141214379528e-14,2
0.16177606254659554,0.000568980588618319,7.444788398943549e-05,4.036055012901268e-07,-1.5037352896574348e-12,-6.726446317752775e-09,1.622791462323547e-12,1
0.16058685695541808,9.62264055979938e-05,0.00010758883703505267,1.0778686324838878e-07,3.640329287171658e-13,1.0472312026613882e-09,4.701225481061194e-14,1
0.1605220316540598,0.0002826127593904321,3.908881165983247e-05,9.790636913548836e-08,9.688519688773895e-14,8.065054652347563e-10,-1.6522102339351876e-13,1
0.15997926276834593,8.100639533439944e-05,4.1019786350721254e-05,6.189948137180281e-08,-2.709516640882675e-15,-1.6500156143909949e-10,-9.859690593502918e-14,1
0.1624578085844683,0.000555319100013097,0.0001520351886650853,7.723539571096736e-07,5.353308845714297e-12,1.1017462104268583e-08,6.433481331808532e-12,1
0.20031000226457474,0.003147577699790103,0.004799258082255007,7.826002814679974e-05,-2.7485251232153432e-08,-2.857276359305879e-06,-3.9305367881753676e-08,3
0.198552503822264,0.0024409526618098276,0.004754973151811753,7.175280536606313e-05,2.6117960653320466e-09,-2.5033350418564913e-07,-4.18299599256311e-08,3
0.19227608337999696,1.404722235678724e-06,0.004528372773893595,2.4472810174975794e-08,-1.1300158990260549e-13,-1.973542014917187e-11,-2.315253423933808e-13,3
0.19333335524696754,0.0007615628026014091,0.0044304776683172405,1.963679523339813e-05,-4.372573467631639e-09,-4.2514899182320936e-07,3.798456675514331e-09,3
0.15962816658887857,4.0914039095516505e-06,3.2226830350806105e-05,4.2209224103803585e-09,1.179272522009291e-15,8.440907629494442e-12,1.01626658322935e-15,1
0.16728356825847135,0.0001394699526914589,4.21712628333325e-05,5.341972627771682e-07,-6.34878832058153e-14,-5.543654255475904e-09,-2.534688526828347e-12,2
0.1919195050528456,0.00016072532905195475,0.00440523704172552,4.292117113155094e-06,-4.665077392613654e-10,-4.311814467207417e-08,-3.6151761975319893e-10,3
0.16979273357134417,0.0009976075127103206,5.168180993188693e-05,2.4343464872738173e-06,2.5789365150331117e-11,5.99008690825744e-08,-8.970651101277283e-12,2
0.1595901950843185,7.391848693511997e-05,1.1090542595216876e-05,5.081730892547213e-09,-8.74122989872648e-16,-2.571745761561798e-11,8.314608445461616e-16,1
0.1935915925922165,0.0004228467308101472,0.004605616201716386,1.252322668500814e-05,-9.440171596806167e-10,-9.304772587323417e-08,-2.8555932244696356e-09,3
0.16678438336520496,4.251103114249776e-05,8.984569866365533e-06,9.025344345784668e-08,7.643389573842434e-14,-4.409097674852754e-10,-2.7624265350214908e-14,2
0.19736798684737505,0.0020277401773604827,0.004699187391761747,6.985796583811244e-05,2.7808134360339426e-08,1.968208874505479e-06,-2.8787799320386657e-08,3
0.19257576952845054,0.0005016768792407177,0.004394988648226864,1.4447192471247979e-05,3.2999413556127527e-10,6.0780919306705115e-09,3.625454290588206e-09,3
0.16114426180096975,0.00031048308151664886,9.178271297864112e-05,2.142537974693478e-07,-4.657232011636017e-13,-2.1610763229914804e-09,-8.281353776356721e-13,1
0.16021072486675783,9.71683567827068e-05,6.976853997791556e-05,5.36870258745597e-08,-4.227698183792976e-14,-2.7012719714545773e-10,-9.491457231205093e-14,1
0.19225576302365188,0.0005996763126117461,0.004285609396555594,1.2293077704648689e-05,-2.0283678584238376e-09,-1.9348025378450905e-07,-1.961432100649571e-09,3
0.19317002732329178,0.0002739862762701383,0.0045868044048626416,9.06630792279755e-06,1.7246598830584255e-09,1.3967853435324902e-07,-6.661688394393094e-10,3
0.1958340426567124,0.0014734343927019658,0.0046143881365090875,4.0381789818500876e-05,-4.578138811464826e-09,-5.432198135776207e-07,1.6819594002931003e-08,3
0.16042495074705249,5.9959270266960104e-05,0.00010039215929560946,9.103653196527027e-08,1.0078931653779658e-13,3.354293494579693e-10,-2.5609623659311125e-13,1
0.19377564171774214,0.000851711931061849,0.004475841184545979,2.212313453065362e-05,-4.857730491648283e-09,-4.717167797699708e-07,4.986576016460615e-09,3
0.16084760293984557,7.234911011901634e-05,0.00013717077542806756,1.2677559484653694e-07,-4.11411968303293e-13,-7.796380207534516e-10,-3.3201154605055584e-13,1
0.16780684982912375,0.00032869130609164404,5.503741233283048e-05,1.6879081615608777e-06,1.5748291266560823e-11,3.053346787417844e-08,-4.081808038332175e-12,2
0.19192633582190988,2.7110448886161446e-05,0.004457856983328595,7.114457102548496e-07,-2.7064408799306752e-11,-2.754358915365493e-09,2.954319060895097e-11,3
0.16164596261265002,0.0006886560526468934,2.0884871836163496e-05,1.003020158203949e-07,-1.237435056005733e-13,-2.1916724770071704e-09,7.590925885061276e-14,1
0.16101098445720147,0.00046141663792254685,3.2413024419309364e-05,1.622240507892143e-07,3.7194563096910175e-13,3.484427371557222e-09,5.821021470030142e-15,1
0.19155236606960785,0.0001544973090146213,0.004343813414675552,4.528169058099958e-06,4.848153402722602e-12,-1.5981495621876553e-09,6.350484709700901e-10,3
0.15972475986288553,8.529682901085175e-05,2.0627605468016e-05,1.4969111699102116e-08,-9.648450469160374e-16,-4.929559130258342e-11,-8.261843021931804e-15,1
0.16713524669511073,0.0001412739398959328,1.3892028537152959e-05,2.421136085549074e-07,-1.9218016712564903e-13,2.772932604040362e-10,-4.002859075372121e-13,2
0.16724827117672986,0.00014705861508957575,2.758520482986074e-05,3.795106256557647e-07,-7.762362423480422e-13,-4.539916425973561e-09,9.514579358625117e-13,2
0.1616850407251064,0.0004859323075507645,9.331743900995823e-05,4.881764214238535e-07,-1.7433098066748684e-12,-6.4199960736400784e-09,2.795971252302066e-12,1
0.2003388645899415,0.0031049989815690364,0.004868708441005568,0.00012486288973373618,9.532007908915098e-08,6.75536049005852e-06,-1.979953546533187e-08,3
0.16968945256871032,0.0009244699336028691,5.5986550729342625e-05,2.3449139490597936e-06,2.232695625088893e-11,4.2261264694881116e-08,1.494610589377503e-11,2
0.1678529607237641,0.000265919150916603,9.199027259223153e-05,1.954862603750127e-06,1.1736919629519486e-11,2.965174483830256e-08,-2.3440489317652254e-11,2
0.16059088436652358,0.0002204807545647849,6.24121800627044e-05,1.8149704748765596e-07,5.288904540662693e-13,2.2424029805574003e-09,-3.056472611317079e-13,1
0.16860260138941816,0.000581085206146105,4.5666063537973256e-05,1.1518149872424644e-06,-2.72452860795157e-12,2.9856252003706483e-09,-7.896751046775519e-12,2
0.1948805188669746,0.001004242440060385,0.004619254436751215,2.683375148699187e-05,-7.116651451518875e-09,-6.669059436741935e-07,6.213282810446358e-09,3
0.16852392502038652,0.0004913697105629295,7.51020114092181e-05,2.0867212855334552e-07,4.2649382130751413e-13,-4.6246554563409244e-09,-7.074689203132349e-13,2
0.1962068006822783,0.0016016529300431177,0.0046387192129946605,4.6229420199887046e-05,-3.4764608490534527e-09,-5.041169161080085e-07,2.1123872391685445e-08,3
0.16676563688252233,5.3822727341786694e-05,3.5456758273404035e-05,5.954098713481471e-07,9.523648752408384e-13,8.289352701670679e-10,-2.564611280667391e-12,2
0.16180462440028207,0.0005216878663491126,9.801274125908357e-05,4.0611242513466425e-07,-2.562157166890289e-12,-9.219703430870939e-09,1.219215752083599e-14,1
0.16064966023752586,0.00017610532550464125,8.56620587172333e-05,1.932445942874023e-07,7.860183567294602e-13,2.5277996064116653e-09,-1.8679072108765383e-14,1
0.16130939791776874,0.0005642674719999583,3.0298504777392747e-05,1.7838133366464773e-07,2.6327250457369065e-13,2.420210118591538e-09,-3.2041256412765376e-13,1
0.16089382451788914,7.36253837101102e-05,0.0001410500024772846,1.082638474541069e-07,-3.7545323426861594e-13,-8.29771746106024e-10,-1.9499406361868164e-13,1
0.19759870324740514,0.001959102790189136,0.0047750590950994785,7.37306694293477e-05,4.0446811938335675e-08,2.9235554216973934e-06,-1.6672528464650486e-08,3
0.1616704806515449,0.00032228278741539245,0.00014047921384357034,4.064987928515598e-07,2.4230518869489993e-12,6.103015112160927e-09,1.8880840015347828e-12,1
0.160877391221514,0.0003364071381524804,6.114422793207759e-05,1.8729125571927087e-07,-5.814771660442824e-13,-3.11255149660845e-09,-2.5217054322840717e-13,1
0.16726459942858954,8.316623879084442e-06,9.282874813821795e-05,1.3555448841322898e-06,1.4803259647672058e-11,3.731717804689862e-09,3.4760418476136987e-12,2
0.16742470368517703,0.00013463693330023103,6.186655555712818e-05,8.318947971493619e-07,-1.5344171389992691e-12,8.595547476735821e-09,5.767397832888084e-12,2
0.19261960875801803,1.857269657823159e-05,0.004583540016512406,4.530439604803413e-07,2.04744783089233e-11,1.9206119420444216e-09,2.6465439720605705e-12,3
0.19600557683048822,0.0014071785989412514,0.004678587429508307,4.4515722124992e-05,6.994867344292512e-09,4.224952131332461e-07,-1.9073315356506975e-08,3
0.15993346831221392,0.00015320684423036622,1.5390074729776437e-05,1.9956116158257228e-08,-2.9032950696476645e-15,-1.0192317316320927e-10,-1.0671588533863377e-14,1
0.17250153043302918,0.0019630323514262583,3.9324207383825754e-05,3.4330151117312976e-07,1.143460869444437e-12,1.372622623607776e-08,-5.325028755807908e-13,2
0.193779056853487,0.0006247788358473447,0.004564837866099243,1.8588386651447932e-05,-3.9677563631287216e-11,-2.755534502579687e-08,-5.414564911568369e-09,3
0.19752653007444998,0.0019769217751162632,0.004752907391268055,7.293310189777368e-05,3.976600579657542e-08,2.9311608592086564e-06,-1.6203332381493058e-08,3
0.1672912485814331,0.00015536001025440036,3.2763953440913614e-05,2.8520729864325184e-07,-7.446198512979928e-13,-1.7163426309830667e-09,-4.5349129727686726e-13,2
0.16085777006822657,7.480066800079254e-05,0.0001370750864465852,1.5457047376158845e-07,-4.1156301619240515e-13,-8.906013862386526e-10,5.803744784226921e-13,1
0.16725040601741498,0.0002810127219074107,7.97640966216578e-06,2.0749074191936877e-07,2.2230824739500942e-13,1.8747257389339133e-09,1.477569619542044e-13,2
0.1933176291806403,0.00051485376003291,0.004523288955734187,1.5578704069421433e-05,5.896576612294215e-10,3.241767692443483e-08,-4.093208946412999e-09,3
0.16012531347721837,2.3210257880856954e-05,7.993345010228851e-05,2.67124207532477e-08,1.9384994098480113e-15,7.481604125315722e-12,-3.898503392234748e-14,1
0.1966608225054225,0.0016143641459942367,0.004715485238801696,4.428869941322763e-05,-9.359620624887761e-09,-9.459058982826312e-07,-1.7945477288058173e-08,3
0.17127609304078206,0.001374685699377903,0.00010247934547189978,4.4237710562218964e-07,2.2527979848946815e-12,1.3474024321320559e-08,-1.9485258254818226e-12,2
0.19422397820780243,0.0008038442452932811,0.004583859266163755,2.8532831714369638e-05,1.0080727569870097e-08,7.892856780688522e-07,-2.204179313044757e-09,3
0.1955831178412225,0.001312627436676959,0.004630544985511694,3.855929571215574e-05,1.0433147470394594e-09,-3.747931691846731e-08,1.6259886242966995e-08,3
0.1949772476737695,0.0012247207203821585,0.004550922338409365,3.0978362582082076e-05,-1.078960696737842e-08,-1.0162257704572896e-06,4.344791981824281e-09,3
0.16988787478156636,0.0010925388544946522,1.3293801925787402e-06,5.759062140889659e-08,1.3682471509490659e-14,1.8885786308338845e-09,-8.167888955700457e-15,2
0.1598096006227766,5.234848333658425e-05,3.965983850993446e-05,3.131539691044328e-08,-1.725553675176823e-14,-5.311784380268845e-11,-3.0334520140415924e-14,1
0.19329559817292813,0.0002697793987626541,0.004606744315840604,7.371411443287978e-06,-9.025031974503215e-11,-1.2630417475007949e-08,1.355384082941366e-09,3
0.16925584172863684,0.000615192837370079,0.00013444316240973132,2.8520850395147544e-06,-5.58256843788042e-11,-6.082217513368994e-08,1.6031889606546004e-12,2
0.17064886672964197,0.0015235954254054138,8.830615212460553e-06,2.4162815502330855e-07,3.5225887638970075e-13,9.380712971641831e-09,-2.2123570625990044e-14,2
0.19338212175850228,0.0003268826534246242,0.004606627180256057,1.0928137412704267e-05,1.8359891055749081e-09,1.4508167485505915e-07,1.6251704850870875e-09,3
0.19481538516625269,0.001060981436334234,0.004584430008517438,2.7649196346392804e-05,-8.900072593055126e-09,-8.249139335713325e-07,4.206036126681029e-09,3
0.19515357251596394,0.0011350873726159705,0.004620250259388811,2.9770168174986213e-05,-1.073457898982069e-08,-9.77804002583705e-07,2.5827121782688055e-09,3
0.1679028532294739,0.0002647687516165811,9.068474509166923e-05,2.0944967296906558e-06,2.514079143139751e-11,3.345286749275376e-08,1.4184030425996015e-11,2
0.1669729305023897,0.00019252733210511338,1.3286129341862964e-05,2.07053779662692e-07,-2.4274577607342374e-13,-2.8382828633492938e-09,2.429216224424765e-13,2
0.19422298035982044,0.000731634657240771,0.004602954798403835,1.9373741506760103e-05,-5.529516439095883e-09,-5.038202130294512e-07,1.701794632850233e-09,3
0.19491047428160874,0.0010135729800977368,0.004627167331843479,3.3431958985748226e-05,7.414039433187983e-09,5.311832791888696e-07,-1.085975523416187e-08,3
0.19409039923854138,0.000734058247620405,0.00457532590710702,2.2970875745312902e-05,6.974603854064466e-09,5.785189262598081e-07,-2.609920806553687e-09,3
0.16897017966335154,0.0007433317799885489,2.0862883162949e-05,2.6274558421692563e-07,3.438676363765717e-13,6.719966408372443e-09,-5.100791426276648e-13,2
0.16840906376046505,0.000514620154353559,4.1726552190376025e-05,9.22032057430013e-07,-3.520486010981928e-12,-3.5016036536564658e-09,-4.507096658510698e-12,2
0.1670394424706493,4.339899926368938e-05,4.578942573702955e-05,4.311249976709618e-07,-2.9869865057111e-14,-2.6443098627526273e-09,1.9152902511424036e-12,2
0.19393893080481417,0.000627134045433204,0.004594337095537802,1.949894013788335e-05,1.7822961602581873e-09,1.1783757175046437e-07,-5.55736459515752e-09,3
0.1950178609278846,0.0011242514759337162,0.004609558265301072,4.0807835670370594e-05,1.769452577246642e-08,1.368003177074452e-06,3.911195594590122e-10,3
0.1670164236134259,3.0284447140924974e-05,4.104594724924058e-05,6.852210686419622e-07,2.7158023654993096e-12,2.871884563266564e-09,-2.4145697933969994e-12,2
0.193555246025134,0.00028664470028672126,0.004652145546580855,9.079176298173252e-06,-1.8649915179350544e-09,-1.5370456995998967e-07,-5.930438835752485e-11,3
0.19516325458595063,0.0010464462317674452,0.0046558076210805295,2.812805239987795e-05,-8.318664093851645e-09,-7.69372882084523e-07,5.866240007015906e-09,3
0.1690716326875712,0.0005471766713896506,0.0001362909134933739,3.222549829261499e-07,-2.1356134435417583e-12,6.643325360179157e-09,-1.4685169449766878e-14,2
0.1595553133079466,4.1124432140961796e-05,1.745153692482046e-05,9.035875119003764e-09,3.5841058414868535e-15,5.713377735153654e-11,-1.7058556526672717e-16,1
0.16038129532851442,9.570157397176904e-05,8.356848632726706e-05,5.502928256018497e-08,8.994666424977248e-14,4.1330639542485703e-10,-7.639059990674174e-14,1
0.16925346092371166,0.0005781119623068318,0.00015962930648534014,1.491601448206264e-06,1.3664613980923781e-11,2.8151607196879044e-08,1.8521025521274987e-11,2
0.16811977396726716,0.0004499343082856639,3.629672201930608e-05,3.769145016385828e-07,-7.338805271087374e-13,5.2379178412476695e-09,-1.1853144713140752e-12,2
0.16077745744198535,0.0004536709208356544,1.3753222177929219e-05,5.737552763818139e-08,-2.3403653527810258e-14,-5.971130961311342e-10,-4.527628888875619e-14,1
0.16872068941204393,0.0006276214883054367,4.6965539701508455e-05,3.211068067240124e-07,-4.31020108172408e-13,7.358473206280639e-09,1.170133568751241e-12,2
0.15991085334291874,2.039685571219238e-05,5.973664366001211e-05,2.771734052636506e-08,2.732774949255374e-14,8.767672204942232e-11,2.2917649287538985e-14,1
0.1636193666524062,0.0009387549984900387,0.00015016702173275753,1.7644155347311525e-06,2.7286940240784565e-11,5.183299239863648e-08,-8.959748020764082e-12,1
0.1942890908223902,0.0009256396893423582,0.004548196528105347,3.1151955207267146e-05,7.125915987333013e-09,5.254924110375081e-07,9.312300040238812e-09,3
0.160453084028579,0.0002441446882309992,4.544102086869053e-05,1.030450196780916e-07,1.8135998188853202e-13,1.291853073954261e-09,1.2972403637701574e-13,1
0.19365490116264233,0.0005777631443554395,0.004558841823301696,1.566664748841345e-05,-3.012455545490064e-09,-2.8288766491783745e-07,2.9077731663569734e-09,3
0.15968246939031963,0.00010929538439969616,1.0401268435425197e-05,1.179446163430057e-08,4.086613140932371e-15,1.2299974827333129e-10,6.042830616202259e-16,1
0.1689942180993053,0.0005681394649979513,0.00012343516637095632,4.367347254026803e-06,9.96676732503939e-11,9.250748798977776e-08,1.8673450672334205e-11,2
0.1691710970987409,0.00013565359333345605,0.0003867646064479938,6.906011346913483e-06,1.9894736864721923e-12,3.610135007731595e-08,3.5690903860814824e-10,2
0.15999182900907707,8.768823452016793e-05,4.630532426350584e-05,5.125782720659998e-08,-7.470423580335294e-14,-4.493419758370767e-10,-2.559989672042186e-14,1
0.15971365100296014,4.6921215976157945e-05,2.7909024505383196e-05,3.062756514147041e-08,1.9536697348901638e-14,1.5476696941723512e-10,-2.049748855065842e-14,1
0.17049793369161287,0.0011746451019590718,7.69147327185114e-05,2.868440854622754e-06,2.1661800135324106e-11,8.112348566234016e-08,3.6688710895352286e-11,2
0.16063928534133398,0.00037926833516764585,1.6770257281364118e-05,7.593058077857615e-08,7.839176623291706e-14,1.2776067784153112e-09,-3.458781559788075e-14,1
0.16680770977238008,9.968641204291486e-06,1.741401683706257e-05,2.255623949221762e-07,4.299210473713252e-13,6.153924340765023e-11,1.2253793521426134e-13,2
0.19376955894864284,0.0007239595406320588,0.004518578208318212,1.7592772252773058e-05,-4.2755141798332915e-09,-4.0745955297732783e-07,2.5147400866614003e-09,3
0.1923394014815214,2.669502898049517e-05,0.0045306935840419464,8.602160163237432e-07,-2.8587555926804933e-11,-2.3327747760368774e-09,4.546095663150406e-11,3
0.1609663898744706,0.00014843582569802307,0.00013136330683522846,1.8856544416721321e-07,-6.809866129440974e-13,-1.6467369965291732e-09,-6.457731350091754e-13,1
0.16691588818383432,2.0686917743103326e-05,3.415791977949391e-05,3.7052249426268615e-07,-4.4335311820017366e-14,-1.6501393772896348e-09,-1.3174125168716293e-12,2
0.1703173123150863,0.001091156726700064,9.549580365715708e-05,4.15878028774468e-06,4.495213314155027e-11,8.399864474755215e-08,6.962849296605896e-11,2
0.16718330214583005,6.322708548469461e-05,6.862611233863853e-05,1.0021766153901746e-06,-4.331008143571663e-12,3.327713911931938e-09,-7.093488200027148e-12,2
0.20262393782078447,0.004140301872007233,0.004882580254364147,0.00012846160404429715,3.181658288465987e-08,1.2587037446565475e-06,-9.663538525533472e-08,3
0.16778924658320354,0.000169695779730115,0.00013657714361497552,1.7017603187457553e-06,-1.3509559952368092e-11,-2.210809291160504e-08,-2.2149083299259906e-11,2
0.16696944523397295,3.603474551676172e-05,3.91053629699616e-05,3.0408086549953193e-07,1.0103694848071466e-12,-1.6023954203448301e-09,-2.804900780998464e-13,2
0.1671926946681308,0.00019028311701401845,4.815514572215757e-06,5.9086487775792616e-08,-1.9992967368992725e-14,2.970820960992589e-10,2.4364780634523425e-14,2
0.17146855485082263,0.00158222071355879,2.392258875792639e-05,9.895072691982036e-07,4.8109817110929455e-12,2.8481916312690547e-08,1.7854324472305825e-13,2
0.19224495696558283,0.00011190951123615859,0.004481677348491773,3.593782537893994e-06,-2.0262762890768033e-10,-1.7191859273090977e-08,-4.0860454528145585e-10,3
0.16693864829383806,9.549692622393836e-05,1.0015912152288507e-05,1.2507605006632247e-07,-1.273728693909921e-13,1.823902351784875e-10,5.808792891799729e-14,2
0.1679440743499372,0.0003118728725634935,6.609725582165175e-05,3.5899844855581816e-07,7.374115894259377e-13,2.094253593873898e-09,1.5856830618602995e-12,2
0.19517439482099552,0.0012063851044337688,0.0046049473701779385,4.2930890838816326e-05,1.733446370656799e-08,1.3222947473688614e-06,7.992462353528904e-09,3
0.16186578030312918,0.00042174163990730824,0.00012929603884561476,5.457954648962605e-07,-4.579008790560257e-12,-1.1201628102769616e-08,-2.3393329575135266e-13,1
0.1950051964077161,0.0009995000330983936,0.004642975388166281,2.7269819753193677e-05,-5.495119903681869e-09,-5.321864952283681e-07,7.997412894415187e-09,3
0.19223787722520647,0.0001823670679172247,0.004455278014388221,5.347704830191413e-06,-7.588567260340032e-10,-6.765419702803865e-08,3.2480331074004294e-10,3
0.1694053000534589,0.0007096223908786682,0.00010993572064032256,8.344758187078546e-07,-2.6665050839777944e-12,1.789679961480646e-08,7.534718628715467e-12,2
0.16056517951320856,0.000209266788399765,6.58228335041034e-05,1.2873710077976799e-07,-1.2841412901279718e-13,-6.564558766343847e-10,3.5206365534560473e-13,1
0.16055674816602067,2.740139917465755e-05,0.00011537219083693807,1.476819607789121e-08,9.371355669634671e-15,3.246826643369498e-11,-1.684590019016165e-14,1
0.15952071045773986,2.7352845764670587e-05,1.4894745139943068e-05,3.076155826610537e-09,5.66305509109188e-16,1.4240750869800038e-11,-3.3595672138292586e-16,1
0.16815542478472106,0.0004003043136620824,8.563127102971263e-06,5.072206993309068e-08,2.2304922046569268e-14,4.779939391315095e-10,2.4898355200276558e-14,2
0.19922638164362771,0.002654097957312655,0.0048079285263687346,8.622809756650085e-05,2.415742289109548e-08,1.4299040518117143e-06,-4.9989282515111846e-08,3
0.19371889901463696,0.0004927006827105725,0.004605534320719689,1.6932318627097437e-05,4.692811498258266e-09,3.729898208900237e-07,5.790796739903983e-10,3
0.16053192504837596,0.00029176199246872637,3.534045901430228e-05,8.094549698828375e-08,-1.1644041675473358e-13,-1.2873474373036798e-09,7.20077155168577e-14,1
0.19394284832662473,0.000564699777902362,0.004621246402857124,1.953696437965004e-05,4.992046657726023e-09,3.889243592450997e-07,3.0887973132921997e-09,3
0.1621183826937066,0.0008042335025179015,3.9646562575437935e-05,3.3264273702214014e-07,1.018367493244663e-12,7.662632591040283e-09,6.497777778248052e-13,1
0.1606490298403998,8.274358810824769e-05,0.00011559059141490165,8.829345438913707e-08,2.1427431614049864e-13,5.816547637240796e-10,-1.834364804707081e-13,1
0.16188142281961626,0.0007257019096848404,3.9238870911533353e-05,2.2964066019717823e-07,-6.790386705371115e-13,-5.993313314680906e-09,1.187081990711135e-13,1
0.19299996966594693,0.00013885632261650857,0.004606351439384532,4.9853485450876516e-06,4.5174388759121417e-10,3.5438763137506565e-08,6.055365195618135e-10,3
0.192831963293701,0.00017962243612443365,0.0045627244149296685,5.796674025268174e-06,6.861734722850045e-10,5.5168794275313603e-08,-6.4643454267981e-10,3
0.19387000933067144,0.00046072711085631585,0.004642491089769238,1.5549485097752677e-05,3.903490720528745e-09,3.050969676653491e-07,-1.488934775748258e-09,3
0.1618483540099797,0.000595431012294227,7.609027207717267e-05,4.728451120680996e-07,2.7568239046406163e-12,1.1467649210083033e-08,-6.664662975409138e-13,1
0.1677731537371383,0.00014000634451264918,0.00013048537844520292,2.7406963246434012e-06,4.050367466365869e-11,1.759583334117391e-08,-3.233714642921887e-11,2
0.16861579702578028,0.0006359546888568546,1.7522366969335248e-06,2.9401272271090966e-08,3.934540129874578e-15,7.38553065082064e-10,-5.3901146904261855e-15,2
0.16720696978806354,0.00013832201426981037,5.953824825703707e-05,1.039568796202585e-06,-7.498737612757191e-12,-9.295589359909903e-09,3.264674057458725e-12,2
0.16010951293562314,0.00012170434218432903,5.1936077551490754e-05,5.447981921552617e-08,-4.768033277690631e-14,-3.3667973562513924e-10,7.825976420158928e-14,1
0.1620370723343279,0.0008057955424706939,2.355918255707575e-05,1.7260602263334647e-07,3.1386421586031365e-13,4.447296509475004e-09,-1.5046776025551426e-13,1
0.19394039104713368,0.0005282269528512104,0.004630293154223836,1.646672372732076e-05,1.7820867567476297e-09,1.257330230621704e-07,4.183112729966973e-09,3
0.16212111310805782,0.0006006396845258579,9.80179775245104e-05,5.726742004124793e-07,7.54030277912589e-13,1.5160518748688262e-09,-4.223786246488588e-12,1
0.19382197490743427,0.00048602216020975824,0.004624725369128784,1.4027121129119548e-05,-1.6352777493755914e-09,-1.5242731353206998e-07,-3.1764772298547848e-09,3
0.19863098483513963,0.0023871631621391353,0.004778715644284377,5.8983138025494647e-05,-2.580995272951214e-08,-2.462691566703069e-06,-1.773282094738817e-08,3
0.19284634792336838,0.00024497683840108515,0.004541330837534512,8.173303800968973e-06,1.0665678030905322e-09,8.456937284619475e-08,-1.1584478298742296e-09,3
0.1933588235321172,0.00044220605444326506,0.004559428018743619,1.437355575753114e-05,2.35938133720208e-09,1.8210029796652454e-07,-2.8236203537255825e-09,3
0.16760177594645276,0.00019882296895228335,5.88575175012762e-05,1.3163568142735904e-06,2.0520655720382035e-12,9.454975788260924e-09,1.1403581097442926e-11,2
0.19242377175959732,5.621626457352465e-05,0.0045350191649035365,1.7359814994973302e-06,7.09486076095382e-11,5.418359246790653e-09,-1.3671774619742175e-10,3
0.19253601457258057,4.987343109451202e-05,0.004557458907159778,1.5287363147464722e-06,1.2750598436501295e-10,1.0782340034267238e-08,-4.970136656362366e-12,3
0.19309971479026594,0.00034098056873426157,0.004550769491869881,1.0956011288314338e-05,1.395721580720042e-09,1.0701211469811038e-07,-2.009143952784492e-09,3
0.16154254551413455,0.0005025647923422223,7.277229006670864e-05,3.1628701615865844e-07,-9.961643756370282e-14,-1.460965639320805e-09,-1.5141440518886233e-12,1
0.168984539439888,0.000759106696512146,2.0166480426897534e-05,5.365886301060768e-07,5.008391869482202e-13,9.980568396376876e-09,-1.6925873756923668e-12,2
0.16798596410490096,0.00038941485927567615,4.309359775215191e-05,3.6094796370908626e-07,5.881122247832804e-13,5.457015698732264e-09,-1.2963887154669546e-12,2
0.16282151097168687,0.0009167404089807687,7.95112304382434e-05,5.952657428439928e-07,-3.681326826427058e-12,-1.6238000862776778e-08,-1.794134101685749e-12,1
0.1597706724408439,0.00011714130407595084,1.3275335095829247e-05,1.4999700193563564e-08,-4.94498434957682e-15,-1.2716406618536684e-10,-4.510953254434899e-15,1
0.16726959189932866,0.00024319595213407563,7.570714929883385e-06,6.331820320660503e-08,4.260851506697284e-14,1.0069834167739099e-10,1.0313990177284252e-14,2
0.1919839644898374,8.759032337234672e-05,0.004445710307348821,2.742738308374018e-06,2.6786909447307926e-10,2.2345053455652943e-08,-1.413242124076521e-10,3
0.1622734804398493,0.0008443600737700145,4.159011571343818e-05,3.6635420036995195e-07,5.185556749310418e-13,2.3876278329517134e-09,-1.3327046268847094e-12,1
0.16705883047525633,0.00010280706082123368,2.372061828120734e-05,1.595879054554599e-07,-7.511483748764861e-14,7.170400846010639e-10,-3.01278301629024e-13,2
0.1943252057880045,0.0007370016135142882,0.004625480338402549,2.465237908822596e-05,5.15626851610509e-09,3.866495772702872e-07,-6.535511734723318e-09,3
0.16284452015634598,0.0010205566803130031,3.869687111268079e-05,3.2103910121039996e-07,-3.8138523272077406e-13,-4.036150893458289e-09,1.0653436218750052e-12,1
0.16786744082075936,0.00037452188996233636,1.0246142730184632e-05,2.933968573048519e-07,4.230281837519947e-13,5.616327843585649e-09,2.825328502370892e-13,2
0.16803807523818176,0.00047377894832987687,9.727835519617424e-07,2.9047399965429744e-08,2.8029470801395255e-16,9.89283293563325e-11,4.87474906755575e-15,2
0.1672860006285195,8.322191656059532e-05,7.239843385865849e-05,1.0854233524290641e-06,5.833421978688183e-14,-6.640518721164821e-09,-9.621778298239946e-12,2
0.16852172517713176,0.00044698597497203453,0.00011438552841414124,3.3759328425952177e-06,5.6127334851102634e-11,4.451834278363001e-08,3.536571124428723e-11,2
0.1688421760714245,0.0005423351949941048,0.00010615392928606945,1.8817882443421897e-06,-1.4988908178119442e-11,8.151860727680417e-09,-2.1970557230019488e-11,2
0.16694243165961475,3.809116654058328e-05,4.075416362410153e-05,6.879001505375205e-07,2.188444495198744e-12,2.591099140513567e-09,-2.91152216768891e-12,2
0.19243937515855564,6.55870779926617e-05,0.00453415314517747,1.9284113467609108e-06,1.2305213524946527e-11,6.892292465119405e-10,1.7990119454885018e-10,3
0.1926517508800975,0.000126911767052872,0.0045481769853917536,4.114642417192754e-06,3.882193245218036e-10,3.1999333136209434e-08,4.075795899226838e-10,3
0.17085135922588723,0.0007888868590620673,0.0003307925430107903,5.700648116370432e-07,-7.017634724585199e-13,1.1557112224505753e-08,7.796723069148281e-12,2
0.16727672115305922,6.593754327840047e-05,7.22887711177432e-05,1.2922218535006294e-06,9.515489691143612e-12,1.0481574689185083e-08,-8.089510871047659e-12,2
0.16075748535966647,0.00010676746101830718,0.00011700266032201571,1.6377792659699435e-07,-6.820979146181245e-13,-1.6378208160456403e-09,-2.2077346830304036e-13,1
0.1619475932951943,0.000567120554230612,9.408763662264099e-05,4.298242451204052e-07,-2.6925545656085884e-12,-1.0211445742244019e-08,4.707511712882831e-13,1
0.16657862127935502,9.760396847637496e-06,1.389608433000002e-06,1.3408169146141722e-08,1.2690589772962232e-15,-2.048348233079271e-12,1.3187685540585673e-15,2
0.16731505609036795,0.00018923868896940507,2.052773425265393e-05,4.1072838640920775e-07,-4.2586926917215924e-13,-1.3935478786576005e-09,-1.1139933111190636e-12,2
0.16015692686171049,0.00023948694706014167,9.348773117357513e-06,2.6096277934571857e-08,-1.1939833596974617e-14,-3.514235192086552e-10,4.856597681032848e-15,1
0.16042900444798303,2.2540384519396363e-05,0.0001158593429852116,3.177430711610209e-08,6.096347019939131e-14,1.4917487324541873e-10,4.133774587705217e-16,1
0.15954700256090648,7.153936565704018e-05,4.511182533068602e-06,4.730684533596511e-09,-6.269444008115452e-16,-3.4421767731016706e-11,2.9075517093593633e-16,1
0.16092891617987082,0.00017248549769003719,0.0001184454333733089,2.5177000881065777e-07,5.602817497259325e-13,1.453463067973964e-09,1.2555407198160229e-12,1
0.1698463267455545,0.0010163512830523738,3.40447492592444e-05,6.075799788012947e-08,1.820288708309809e-14,1.5886922002788274e-09,-8.546671670763081e-14,2
0.19279785991034823,0.00013818120803241342,0.004570824408381861,4.145983596838413e-06,-3.0253813981790824e-11,-4.748570061541338e-09,-5.699380188516105e-10,3
0.16074407353910858,0.00010390916073980411,0.00012456641322572973,1.212768951892752e-07,1.7855139824726205e-13,3.9777983612372593e-10,4.362509053275145e-13,1
0.16704889609583617,0.00014201658920308375,1.2874789341906458e-05,1.1036791255224725e-07,-6.771991985222528e-14,1.3079936385535916e-09,-1.127957380717757e-13,2
0.19263229769490892,0.0006325222127528007,0.004359241083253254,1.9282027085890493e-05,1.6617658987745111e-09,1.1004980110594114e-07,5.337592752540535e-09,3
0.16928195838079246,0.0008797427556811103,1.168192335931862e-05,2.2319047598424398e-07,3.3103652979629403e-13,5.544130142149375e-09,1.4245887546106452e-13,2
0.1599397695336328,3.8527667455983846e-05,5.7194937501782967e-05,1.3411342907729513e-08,7.636895419567826e-15,4.5935893029818755e-11,-8.924380344111712e-15,1
0.19390818336686003,0.0005835672860653477,0.00460589457938859,1.9555910743397644e-05,2.5877934839295778e-09,1.8014164865220565e-07,5.267833077673886e-09,3
0.19220449498953757,6.314340378296171e-05,0.0044928991348439345,1.8501684217219725e-06,-1.590012220280049e-11,-2.4290126625073883e-09,1.6793543027531999e-10,3
0.19399750517504605,0.0006531211184103747,0.004595324043759259,2.188189967136628e-05,5.7253090093147444e-09,4.462566525406156e-07,3.92021121058546e-09,3
0.15961981502836747,7.250760847783499e-05,1.6138468967013915e-05,1.2098695867665126e-08,-1.6028310256716637e-15,-6.231860106870464e-11,-5.100193288438701e-15,1
0.1625712288264458,0.0008299581571877738,7.90147843909904e-05,7.398194578032364e-07,5.603122522474268e-12,2.114851764232991e-08,-7.747743784343461e-13,1
0.15972145440077568,0.0001237629492857325,9.01618447015859e-06,1.404591682001992e-08,3.60163527338779e-15,1.328029036258065e-10,-3.4659575278793148e-15,1
0.1690946176462663,0.0004284211170986659,0.00021205398249651603,2.891538039604566e-06,7.15966061176373e-11,1.6468511926287626e-08,7.549994955034765e-13,2
0.1612706090435224,0.00039647778663890983,7.680436828363124e-05,2.838819732740584e-07,1.4212504584416533e-13,5.122060353647551e-10,1.3179196329840227e-12,1
0.1948663017822428,0.0009377472409096707,0.004649159466824085,3.374213015879399e-05,1.3217505434347432e-08,1.0171082789690234e-06,1.9753123454392526e-09,3
0.1943936907419575,0.000720803186075799,0.004639501559062379,2.1551770345221373e-05,5.806943479407588e-10,-3.839833491786207e-09,-6.7901240487319435e-09,3
0.16054995559702423,0.00022560039159047143,6.176506827939348e-05,1.2008260319801512e-07,-2.7964539351337913e-13,-1.5780235510346567e-09,1.6955544723958024e-13,1
0.16705765835504205,6.884693862091923e-05,4.671458794403845e-05,5.634310577236724e-07,2.632709499844139e-13,-4.297872068631432e-09,-2.8785821336646394e-12,2
0.16814496747633007,0.00041452119029436403,5.263676267467447e-05,3.2163764933990957e-07,1.3230840186560372e-12,-2.143025872204794e-09,2.943945726148428e-14,2
0.16825998957076993,0.00048311433971660157,3.2707999292884155e-05,1.080209485030729e-06,5.795743871078512e-12,2.3647794213402594e-08,-2.7633300169020094e-12,2
0.19773564753286146,0.0019855366332919193,0.004784893323786662,7.116303434179549e-05,3.2094516364991634e-08,2.3283483519944683e-06,2.6350191005941313e-08,3
0.16048049880010612,0.00015080675478231384,7.379286484480315e-05,1.1670942589669924e-07,-3.019445850317559e-13,-1.2599547352789283e-09,-1.6167465349805868e-13,1
0.16766642823735334,0.00033282915797105777,9.02348868000636e-06,2.5378470248163897e-07,3.6035754780946e-13,4.604162833842029e-09,-1.3279770498154154e-13,2
0.19351924023647718,0.0002364438910568283,0.004666283565708166,8.722698647031999e-06,1.3430913125437388e-09,1.000141659891791e-07,-1.1370932815921949e-09,3
0.19272111123410957,0.00022112368686675801,0.004523838212183673,5.920246726043376e-06,-5.047742776756336e-10,-4.402878051012344e-08,8.269838003884402e-10,3
0.1649439215039165,0.001545346905057334,9.780768699421592e-05,1.624792382539574e-06,1.7306227260424978e-11,5.035442530583943e-08,-1.0955727519572396e-11,1
0.16694547815322747,1.085065233234777e-05,3.413477070105952e-05,3.125970905058232e-07,-9.175434572964912e-13,1.0238778138657107e-09,4.4810242496378936e-13,2
0.16752085865324534,0.00023922977588451222,1.6441130459100578e-05,4.84515670135503e-08,1.9395425483076155e-14,-5.831627323201734e-10,3.865068979209671e-14,2
0.16009868914142664,0.00012067389820687151,5.023545567949316e-05,4.6791502756574434e-08,-6.634802529251136e-14,-4.69044356423381e-10,-2.7284277901064004e-14,1
0.16103443365850728,0.0003626650284526689,6.516955962374356e-05,1.7432185131596624e-07,-2.1976923666634363e-13,-1.4880584152045957e-09,-5.449081774623521e-13,1
0.16811503504991304,0.0001727122041302114,0.00017012643738436716,1.2297050207489498e-06,-1.430542313410102e-11,-7.159667430480079e-09,1.0569286998518695e-11,2
0.16682182021578745,5.199524597803189e-05,6.172291616767717e-06,1.1288066062773384e-07,-2.3398557226967514e-14,-2.1079255628888074e-10,-9.12704855312769e-14,2
0.19489224450989245,0.0013577345975904257,0.004487947551318957,3.81953806542505e-05,-5.339837059591826e-10,-1.748990876154176e-07,1.5804924325403003e-08,3
0.19422764761258543,0.0006509829972969012,0.004634825283001422,2.0488207163935093e-05,3.873098787772735e-09,3.016267389435431e-07,-4.985963782531728e-09,3
0.1944012743081787,0.0007449653817283298,0.004636809675987097,2.6263630201973535e-05,8.416464056978682e-09,6.453086070234503e-07,3.628216434333171e-09,3
0.15986706377451254,0.00014213331450945842,1.3561795313790856e-05,1.6898976972250616e-08,5.9129826402951014e-15,1.0511233478794723e-10,5.521317320430041e-15,1
0.16033702451883178,0.0002143196798418906,4.781700049754198e-05,9.595949411528339e-08,-8.14882955568628e-15,-1.0106087799263764e-10,-2.053910668494594e-13,1
0.16034160541741294,8.196758313969393e-05,8.540987896047542e-05,4.409961251250082e-08,-8.730361479845379e-15,2.977742007318202e-11,8.514024730799865e-14,1
0.2037251038440971,0.004454208967424509,0.005025895567941422,0.0001924541205666638,1.875099248864588e-07,1.26546536252582e-05,-2.5802374176951908e-08,3
0.16955451550678857,0.0009542302324758718,3.9116149380227124e-05,1.8444687698195093e-07,-2.8548918155909414e-13,3.4280759704245985e-09,-4.0490723770038396e-13,2
0.19267413053601115,9.946210044434943e-05,0.004564381315553542,3.2230961561412586e-06,3.570397918279319e-10,2.9271952826863376e-08,-1.5921732403420213e-10,3
0.19882912098431718,0.0026990482962999545,0.004720611549327796,0.00010144444342687683,6.90482523593825e-08,5.159322834858987e-06,1.2668033023791179e-08,3
0.19780599900193496,0.002285840721357516,0.004689327631887179,8.444570231530183e-05,4.873328704904156e-08,3.6002861018459906e-06,-2.118790211494209e-08,3
0.1613243751490756,0.00047440941080682396,6.30394379048353e-05,2.700174194126097e-07,-6.517268892402692e-13,-3.639705424918789e-09,-9.034918318772807e-13,1
0.1925972986377411,3.609567421387263e-05,0.004571294384443214,1.2096128042695211e-06,-3.603217643251553e-11,-2.731421638557797e-09,-8.241503074056984e-11,3
0.17109734490830056,0.0014709114806049665,5.662784027658792e-05,3.29317619550242e-06,4.3924204413490565e-11,1.1351548770690193e-07,-9.648875364039847e-12,2
0.15987602671773377,4.529578527895627e-05,4.9381376408711716e-05,4.417815248731121e-08,5.807969385713857e-14,2.5116326644672556e-10,2.974146728617373e-14,1
0.1676649948648019,0.0002047453384330958,5.097521872528393e-05,2.331330332499147e-07,1.393448310301865e-13,-1.717249847032746e-09,7.91511740409992e-13,2
0.1694596921028778,0.0008947715165965889,2.50838646954899e-05,5.069546422486263e-07,1.7281545548013005e-12,1.0509124297529807e-08,-5.306884084784047e-13,2
0.15969100010477588,0.0001294215315690903,8.048066965528471e-07,9.560919317300245e-10,-1.5149485386720832e-17,-1.0086068863818487e-11,2.1768645896508958e-17,1
